Codon,Codon Count
AAA,541
AAC,245
AAG,297
AAT,520
ACA,436
ACC,101
ACG,48
ACT,478
AGA,211
AGC,52
AGG,67
AGT,234
ATA,225
ATC,133
ATG,312
ATT,370
CAA,351
CAC,80
CAG,165
CAT,184
CCA,220
CCC,40
CCG,21
CCT,277
CGA,24
CGC,46
CGG,14
CGT,119
CTA,147
CTC,131
CTG,65
CTT,400
GAA,495
GAC,262
GAG,186
GAT,460
GCA,263
GCC,142
GCG,38
GCT,524
GGA,163
GGC,145
GGG,23
GGT,509
GTA,255
GTC,153
GTG,169
GTT,575
TAA,10
TAC,257
TAG,1
TAT,386
TCA,266
TCC,72
TCG,17
TCT,314
TGA,1
TGC,92
TGG,157
TGT,342
TTA,370
TTC,201
TTG,252
TTT,507
