Codon,Codon Count
ATT,370
CTT,400
GTT,575
TAT,386
AAA,541
CAA,351
AAC,245
CAC,80
GAA,495
AAG,297
CAG,165
GAC,262
GAG,186
TGA,1
TGC,92
TCA,266
AAT,520
TCC,72
TGG,157
CAT,184
TCG,17
GAT,460
TTA,370
TGT,342
TTC,201
TCT,314
TTG,252
TTT,507
AGA,211
CGA,24
AGC,52
CGC,46
ACA,436
GGA,163
CCA,220
ACC,101
AGG,67
GGC,145
CCC,40
CGG,14
GCA,263
ACG,48
GCC,142
GGG,23
CCG,21
GCG,38
AGT,234
ATA,225
ATC,133
CGT,119
CTA,147
ACT,478
CTC,131
ATG,312
CCT,277
GGT,509
GTA,255
TAA,10
GTC,153
CTG,65
TAC,257
GCT,524
GTG,169
TAG,1
